baha,2025-04-16 06:52:21,Pool,Left
iheb,2025-04-16 06:52:22,Pool,Left
iheb,2025-04-16 06:52:23,House,Left
iheb,2025-04-16 06:52:23,Pool,Left
baha,2025-04-16 06:52:25,House,Left
iheb,2025-04-16 06:52:28,House,Left
baha,2025-04-16 06:52:29,Pool,Left
baha,2025-04-16 06:52:30,House,Left
baha,2025-04-16 06:52:34,Pool,Left
baha,2025-04-16 06:52:37,House,Left
baha,2025-04-16 06:52:44,Pool,Left
baha,2025-04-16 06:52:45,House,Left
baha,2025-04-16 06:52:45,Pool,Left
baha,2025-04-16 06:52:46,House,Left
baha,2025-04-16 06:52:48,Pool,Left
baha,2025-04-16 06:52:53,House,Left
iheb,2025-04-16 06:53:02,Pool,Left
baha,2025-04-16 06:53:02,Pool,Left
baha,2025-04-16 06:53:05,House,Left
baha,2025-04-16 06:53:11,Pool,Left
baha,2025-04-16 06:53:13,House,Left
iheb,2025-04-16 06:56:37,Pool,Left
iheb,2025-04-16 06:56:38,House,Left
baha,2025-04-16 06:57:15,Pool,Left
baha,2025-04-16 06:57:16,House,Left
baha,2025-04-16 06:57:20,Pool,Left
baha,2025-04-16 06:57:20,House,Left
baha,2025-04-16 06:57:21,Pool,Left
baha,2025-04-16 06:57:21,House,Left
baha,2025-04-16 06:57:22,Pool,Left
baha,2025-04-16 06:57:22,House,Left
baha,2025-04-16 06:57:23,Pool,Left
baha,2025-04-16 06:57:24,House,Left
iheb,2025-04-16 07:10:25,House,Left
iheb,2025-04-16 07:10:37,Pool,Entered
baha,2025-04-16 07:10:38,Pool,Entered
baha,2025-04-16 07:10:39,House,Left
baha,2025-04-16 07:10:40,Pool,Entered
baha,2025-04-16 07:11:26,House,Left
iheb,2025-04-16 07:11:26,House,Left
iheb,2025-04-16 07:11:27,Pool,Entered
iheb,2025-04-16 07:11:28,House,Left
baha,2025-04-16 07:11:28,Pool,Entered
baha,2025-04-16 07:11:29,House,Left
baha,2025-04-16 07:11:30,Pool,Entered
baha,2025-04-16 07:11:31,House,Left
baha,2025-04-16 07:11:32,Pool,Entered
baha,2025-04-16 07:11:32,House,Left
baha,2025-04-16 07:11:33,Pool,Entered
baha,2025-04-16 07:11:33,House,Left
baha,2025-04-16 07:11:35,Pool,Entered
baha,2025-04-16 07:11:35,House,Left
baha,2025-04-16 07:11:36,Pool,Entered
baha,2025-04-16 07:11:37,House,Left
baha,2025-04-16 07:11:46,Pool,Entered
iheb,2025-04-16 07:11:50,Pool,Entered
baha,2025-04-16 07:11:51,House,Left
iheb,2025-04-16 07:11:55,House,Left
baha,2025-04-16 07:12:05,Pool,Entered
iheb,2025-04-16 07:12:05,Pool,Entered
iheb,2025-04-16 07:16:25,House,Left
iheb,2025-04-16 07:16:26,Pool,Entered
baha,2025-04-16 07:16:31,Pool,Entered
iheb,2025-04-16 07:16:35,House,Left
iheb,2025-04-16 07:16:44,Pool,Entered
baha,2025-04-16 07:16:49,House,Left
baha,2025-04-16 07:16:49,Pool,Entered
iheb,2025-04-16 07:17:28,House,Left
iheb,2025-04-16 07:17:29,Pool,Entered
iheb,2025-04-16 07:17:30,House,Left
iheb,2025-04-16 07:17:34,Pool,Entered
iheb,2025-04-16 07:19:30,House,Left
iheb,2025-04-16 07:19:31,Pool,Entered
iheb,2025-04-16 07:19:35,House,Left
iheb,2025-04-16 07:19:37,Pool,Entered
baha,2025-04-16 07:20:55,House,Left
baha,2025-04-16 07:20:56,Pool,Entered
baha,2025-04-16 07:21:00,House,Left
baha,2025-04-16 07:21:07,Pool,Entered
baha,2025-04-16 07:21:17,House,Left
baha,2025-04-16 07:21:27,Pool,Entered
iheb,2025-04-16 07:21:27,House,Left
iheb,2025-04-16 07:21:28,Pool,Entered
iheb,2025-04-16 07:21:29,House,Left
iheb,2025-04-16 07:21:30,Pool,Entered
iheb,2025-04-16 07:21:31,House,Left
iheb,2025-04-16 07:21:33,Pool,Entered
iheb,2025-04-16 07:21:33,House,Left
baha,2025-04-16 07:21:34,House,Left
baha,2025-04-16 07:21:37,Pool,Entered
iheb,2025-04-16 07:21:38,Pool,Entered
iheb,2025-04-16 09:43:52,Pool,Entered
iheb,2025-04-16 09:43:52,House,Left
iheb,2025-04-16 09:43:53,Pool,Entered
iheb,2025-04-16 09:43:53,House,Left
iheb,2025-04-16 09:43:54,Pool,Entered
iheb,2025-04-16 09:43:55,House,Left
baha,2025-04-16 09:43:55,Pool,Entered
baha,2025-04-16 09:43:55,House,Left
iheb,2025-04-16 09:43:56,Pool,Entered
iheb,2025-04-16 09:44:00,House,Left
iheb,2025-04-16 09:44:00,Pool,Entered
iheb,2025-04-16 09:44:01,House,Left
iheb,2025-04-16 09:44:01,Pool,Entered
baha,2025-04-16 09:44:04,Pool,Entered
baha,2025-04-16 09:44:04,House,Left
iheb,2025-04-16 09:44:05,House,Left
iheb,2025-04-16 09:44:06,Pool,Entered
iheb,2025-04-16 09:44:06,House,Left
baha,2025-04-16 09:44:07,Pool,Entered
baha,2025-04-16 09:44:07,House,Left
iheb,2025-04-16 09:44:07,Pool,Entered
iheb,2025-04-16 09:44:09,House,Left
baha,2025-04-16 09:44:10,Pool,Entered
baha,2025-04-16 09:44:10,House,Left
iheb,2025-04-16 09:44:11,Pool,Entered
iheb,2025-04-16 09:44:12,House,Left
iheb,2025-04-16 09:44:12,Pool,Entered
iheb,2025-04-16 09:44:15,House,Left
iheb,2025-04-16 09:44:15,Pool,Entered
iheb,2025-04-16 09:44:15,House,Left
iheb,2025-04-16 09:44:16,Pool,Entered
baha,2025-04-16 09:44:17,Pool,Entered
iheb,2025-04-16 09:44:18,House,Left
iheb,2025-04-16 09:44:18,Pool,Entered
baha,2025-04-16 09:44:18,House,Left
iheb,2025-04-16 09:44:19,House,Left
baha,2025-04-16 09:44:19,Pool,Entered
iheb,2025-04-16 09:44:20,Pool,Entered
baha,2025-04-16 09:44:26,House,Left
iheb,2025-04-16 09:44:27,House,Left
iheb,2025-04-16 09:44:27,Pool,Entered
iheb,2025-04-16 09:44:28,House,Left
iheb,2025-04-16 09:44:28,Pool,Entered
iheb,2025-04-16 09:44:30,House,Left
iheb,2025-04-16 09:44:32,Pool,Entered
iheb,2025-04-16 09:44:33,House,Left
iheb,2025-04-16 09:44:33,Pool,Entered
iheb,2025-04-16 09:44:35,House,Left
iheb,2025-04-16 09:44:35,Pool,Entered
iheb,2025-04-16 09:44:36,House,Left
iheb,2025-04-16 09:44:36,Pool,Entered
iheb,2025-04-16 09:44:38,House,Left
iheb,2025-04-16 09:44:38,Pool,Entered
iheb,2025-04-16 09:44:39,House,Left
iheb,2025-04-16 09:44:50,Pool,Entered
iheb,2025-04-16 09:44:50,House,Left
iheb,2025-04-16 09:44:51,Pool,Entered
iheb,2025-04-16 09:44:51,House,Left
iheb,2025-04-16 09:44:52,Pool,Entered
iheb,2025-04-16 09:44:53,House,Left
iheb,2025-04-16 09:44:58,Pool,Entered
iheb,2025-04-16 09:44:59,House,Left
iheb,2025-04-16 09:44:59,Pool,Entered
iheb,2025-04-16 09:44:59,House,Left
iheb,2025-04-16 09:45:00,Pool,Entered
iheb,2025-04-16 09:45:00,House,Left
baha,2025-04-16 09:45:01,Pool,Entered
baha,2025-04-16 09:45:02,House,Left
iheb,2025-04-16 09:45:02,Pool,Entered
iheb,2025-04-16 09:45:04,House,Left
iheb,2025-04-16 09:45:04,Pool,Entered
iheb,2025-04-16 09:45:06,House,Left
iheb,2025-04-16 09:45:07,Pool,Entered
iheb,2025-04-16 09:45:08,House,Left
iheb,2025-04-16 09:45:08,Pool,Entered
baha,2025-04-16 09:45:09,Pool,Entered
baha,2025-04-16 09:45:09,House,Left
baha,2025-04-16 09:45:10,Pool,Entered
iheb,2025-04-16 09:45:10,House,Left
iheb,2025-04-16 09:45:11,Pool,Entered
baha,2025-04-16 09:45:11,House,Left
iheb,2025-04-16 09:45:12,House,Left
iheb,2025-04-16 09:45:13,Pool,Entered
baha,2025-04-16 09:45:14,Pool,Entered
baha,2025-04-16 09:45:17,House,Left
baha,2025-04-16 09:45:19,Pool,Entered
baha,2025-04-16 09:45:20,House,Left
baha,2025-04-16 09:45:21,Pool,Entered
baha,2025-04-16 09:45:22,House,Left
baha,2025-04-16 09:45:22,Pool,Entered
baha,2025-04-16 09:45:23,House,Left
baha,2025-04-16 09:45:24,Pool,Entered
baha,2025-04-16 09:45:24,House,Left
baha,2025-04-16 09:45:25,Pool,Entered
baha,2025-04-16 09:45:25,House,Left
baha,2025-04-16 09:45:26,Pool,Entered
baha,2025-04-16 09:45:27,House,Left
baha,2025-04-16 09:45:27,Pool,Entered
baha,2025-04-16 09:45:28,House,Left
iheb,2025-04-16 09:45:34,House,Left
iheb,2025-04-16 09:45:37,Pool,Entered
iheb,2025-04-16 09:45:38,House,Left
iheb,2025-04-16 09:45:42,Pool,Entered
iheb,2025-04-16 09:45:43,House,Left
iheb,2025-04-16 09:45:44,Pool,Entered
iheb,2025-04-16 09:45:45,House,Left
iheb,2025-04-16 09:45:45,Pool,Entered
iheb,2025-04-16 09:45:47,House,Left
iheb,2025-04-16 09:45:48,Pool,Entered
iheb,2025-04-16 09:45:49,House,Left
iheb,2025-04-16 09:45:49,Pool,Entered
iheb,2025-04-16 09:45:50,House,Left
iheb,2025-04-16 09:45:50,Pool,Entered
iheb,2025-04-16 09:45:50,House,Left
iheb,2025-04-16 09:45:51,Pool,Entered
iheb,2025-04-16 09:45:51,House,Left
baha,2025-04-16 09:45:52,Pool,Entered
iheb,2025-04-16 09:45:53,Pool,Entered
iheb,2025-04-16 09:45:53,House,Left
iheb,2025-04-16 09:45:55,Pool,Entered
iheb,2025-04-16 09:45:56,House,Left
iheb,2025-04-16 09:45:56,Pool,Entered
baha,2025-04-16 09:45:57,House,Left
iheb,2025-04-16 09:45:58,House,Left
baha,2025-04-16 09:45:58,Pool,Entered
iheb,2025-04-16 09:46:00,Pool,Entered
iheb,2025-04-16 09:46:00,House,Left
iheb,2025-04-16 09:46:01,Pool,Entered
iheb,2025-04-16 09:46:01,House,Left
iheb,2025-04-16 09:46:02,Pool,Entered
iheb,2025-04-16 09:46:03,House,Left
iheb,2025-04-16 09:46:20,Pool,Entered
iheb,2025-04-16 09:46:20,House,Left
iheb,2025-04-16 09:46:20,Pool,Entered
iheb,2025-04-16 09:46:21,House,Left
baha,2025-04-16 09:46:27,House,Left
iheb,2025-04-16 09:46:29,Pool,Entered
iheb,2025-04-16 09:46:30,House,Left
iheb,2025-04-16 09:46:31,Pool,Entered
iheb,2025-04-16 09:46:31,House,Left
baha,2025-04-16 09:46:32,Pool,Entered
baha,2025-04-16 09:46:32,House,Left
iheb,2025-04-16 09:46:33,Pool,Entered
iheb,2025-04-16 09:46:33,House,Left
baha,2025-04-16 09:46:33,Pool,Entered
baha,2025-04-16 09:46:34,House,Left
baha,2025-04-16 09:46:34,Pool,Entered
baha,2025-04-16 09:46:35,House,Left
baha,2025-04-16 09:46:35,Pool,Entered
iheb,2025-04-16 09:46:35,Pool,Entered
iheb,2025-04-16 09:46:36,House,Left
baha,2025-04-16 09:46:36,House,Left
iheb,2025-04-16 10:13:07,House,Left
iheb,2025-04-16 10:14:23,Unknown,Left
iheb,2025-04-16 10:14:23,House,Left
iheb,2025-04-16 10:14:26,Unknown,Left
iheb,2025-04-16 10:14:27,House,Left
baha,2025-04-16 10:14:34,House,Left
iheb,2025-04-16 10:14:45,Pool,Entered
iheb,2025-04-16 10:14:49,House,Left
baha,2025-04-16 10:14:53,Pool,Entered
iheb,2025-04-16 10:14:54,Pool,Entered
iheb,2025-04-16 10:14:54,House,Left
baha,2025-04-16 10:14:57,House,Left
iheb,2025-04-16 10:15:05,Pool,Entered
iheb,2025-04-16 10:15:10,House,Left
iheb,2025-04-16 10:15:14,Pool,Entered
baha,2025-04-16 10:15:23,Pool,Entered
baha,2025-04-16 10:15:29,Unknown,Left
baha,2025-04-16 10:15:29,Pool,Left
baha,2025-04-16 10:15:31,House,Left
baha,2025-04-16 10:15:33,Pool,Entered
baha,2025-04-16 10:15:39,House,Left
iheb,2025-04-16 10:15:40,House,Left
iheb,2025-04-16 10:15:40,Pool,Entered
iheb,2025-04-16 10:15:44,House,Left
iheb,2025-04-16 10:15:48,Unknown,Left
iheb,2025-04-16 10:15:49,Pool,Left
iheb,2025-04-16 10:15:51,Unknown,Left
iheb,2025-04-16 10:15:52,Pool,Left
iheb,2025-04-16 10:15:52,Unknown,Left
iheb,2025-04-16 10:15:54,Pool,Left
iheb,2025-04-16 10:16:04,House,Left
iheb,2025-04-16 10:16:27,Pool,Entered
iheb,2025-04-16 10:16:44,House,Left
